mean_line,std_line,up_line,low_line
0.11839016614591374,0.003344167008975054,0.1284226671728389,0.10835766511898859
0.11839016526937485,0.00334416675981042,0.1284226655488061,0.10835766498994359
0.11839016220148872,0.0033441667552085385,0.12842266246711434,0.1083576619358631
0.11839015518917757,0.0033441684254256515,0.12842266046545453,0.10835764991290062
0.11839012451031629,0.0033441758354012833,0.12842265201652014,0.10835759700411243
0.11838997900485992,0.00334423460718348,0.12842268282641037,0.10835727518330948
0.11838878822677276,0.003344962659147508,0.1284236762042153,0.10835390024933024
0.11837098177741556,0.0033602364539653375,0.12845169113931157,0.10829027241551956
0.11771791735116173,0.004340375647455683,0.13073904429352878,0.10469679040879468
0.21182904458221266,0.3991042238090896,1.4091417160094815,-0.9854836268450562
0.17996198451617282,0.32903616540846503,1.167070480741568,-0.8071465117092222
1.6556645965388537,5.164313911155686,17.14860633000591,-13.837277136928204
,,,
,,,
,,,
,,,
,,,
,,,
,,,
,,,
,,,
,,,
,,,
,,,
,,,
,,,
,,,
,,,
,,,
,,,
,,,
,,,
,,,
,,,
,,,
,,,
,,,
,,,
,,,
,,,
,,,
,,,
,,,
,,,
,,,
,,,
,,,
,,,
,,,
,,,
,,,
,,,
,,,
,,,
,,,
,,,
,,,
,,,
,,,
,,,
,,,
,,,
,,,
,,,
,,,
,,,
,,,
,,,
,,,
,,,
,,,
,,,
,,,
,,,
,,,
,,,
,,,
,,,
,,,
,,,
,,,
,,,
,,,
,,,
,,,
,,,
,,,
,,,
,,,
,,,
,,,
,,,
,,,
,,,
,,,
,,,
,,,
,,,
,,,
,,,
,,,
