mean_line,std_line,up_line,low_line
0.12694690749049187,0.0037160701061038277,0.13809511780880335,0.11579869717218039
0.12694690613584084,0.0037160714793849493,0.13809512057399567,0.11579869169768599
0.12694690410386433,0.0037160712462381723,0.13809511784257886,0.11579869036514981
0.12694688242944804,0.003716063143674033,0.13809507186047015,0.11579869299842595
0.1269467987797477,0.003716048911008311,0.13809494551277265,0.11579865204672278
0.12694603204727173,0.0037159204512201057,0.13809379340093206,0.11579827069361141
0.12692115726796063,0.003720688296910315,0.13808322215869157,0.11575909237722969
0.12128624828024344,0.017438704176031595,0.17360236080833824,0.06897013575214865
inf,,,
,,,
,,,
,,,
,,,
,,,
,,,
,,,
,,,
,,,
,,,
,,,
,,,
,,,
,,,
,,,
,,,
,,,
,,,
,,,
,,,
,,,
,,,
,,,
,,,
,,,
,,,
,,,
,,,
,,,
,,,
,,,
,,,
,,,
,,,
,,,
,,,
,,,
,,,
,,,
,,,
,,,
,,,
,,,
,,,
,,,
,,,
,,,
,,,
,,,
,,,
,,,
,,,
,,,
,,,
,,,
,,,
,,,
,,,
,,,
,,,
,,,
,,,
,,,
,,,
,,,
,,,
,,,
,,,
,,,
,,,
,,,
,,,
,,,
,,,
,,,
,,,
,,,
,,,
,,,
,,,
,,,
,,,
,,,
,,,
,,,
,,,
,,,
,,,
,,,
,,,
,,,
,,,
