mean_line,std_line,up_line,low_line
0.12609641005595526,0.004129255513146207,0.1384841765953939,0.11370864351651663
0.12609640881419182,0.0041292552688387205,0.13848417462070797,0.11370864300767566
0.1260964044680198,0.004129255822101536,0.1384841719343244,0.1137086370017152
0.12609638894597688,0.004129249492905515,0.13848413742469343,0.11370864046726034
0.1260963094731172,0.004129225241253869,0.13848398519687882,0.1137086337493556
0.12609551815936962,0.004129004867243483,0.13848253276110006,0.11370850355763917
0.1260792383303245,0.004124105915856281,0.13845155607789333,0.11370692058275565
0.1254438254982233,0.004175967960231117,0.13797172937891666,0.11291592161752995
1.0324074568149324,3.0138093470909757,10.073835498087858,-8.009020584457994
,,,
,,,
,,,
,,,
,,,
,,,
,,,
,,,
,,,
,,,
,,,
,,,
,,,
,,,
,,,
,,,
,,,
,,,
,,,
,,,
,,,
,,,
,,,
,,,
,,,
,,,
,,,
,,,
,,,
,,,
,,,
,,,
,,,
,,,
,,,
,,,
,,,
,,,
,,,
,,,
,,,
,,,
,,,
,,,
,,,
,,,
,,,
,,,
,,,
,,,
,,,
,,,
,,,
,,,
,,,
,,,
,,,
,,,
,,,
,,,
,,,
,,,
,,,
,,,
,,,
,,,
,,,
,,,
,,,
,,,
,,,
,,,
,,,
,,,
,,,
,,,
,,,
,,,
,,,
,,,
,,,
,,,
,,,
,,,
,,,
,,,
,,,
,,,
,,,
,,,
,,,
,,,
