mean_line,std_line,up_line,low_line
0.12572221147517362,0.0053336408197311004,0.14172313393436692,0.10972128901598033
0.12430142238736153,0.005302992131563499,0.14021039878205202,0.10839244599267103
0.11987964001794656,0.005222277781626128,0.13554647336282494,0.10421280667306818
0.11335793758432071,0.005293849771672557,0.1292394868993384,0.09747638826930304
0.10574226702253024,0.005362057737327594,0.12182844023451303,0.08965609381054745
0.09850529363999765,0.00534154866355286,0.11452993963065622,0.08248064764933907
0.09245094812164704,0.005413867465429085,0.1086925505179343,0.07620934572535978
0.08789369091391563,0.005503236012689137,0.10440339895198304,0.07138398287584823
0.08472043772538503,0.005786919294985828,0.10208119561034251,0.06735967984042754
0.08224708586931229,0.006097632120026822,0.10053998222939275,0.06395418950923182
0.08026015696426232,0.006443037756872248,0.09958927023487907,0.060931043693645576
0.07854810000086825,0.0066674654663163874,0.09855049639981742,0.05854570360191908
0.07685507290686171,0.007455248479723752,0.09922081834603297,0.054489327467690446
0.07494517400239904,0.008378426983767184,0.10008045495370059,0.049809893051097495
0.07266808596129219,0.00944973066724122,0.10101727796301585,0.044318893959568534
0.07008376826221745,0.010109632275210173,0.10041266508784796,0.03975487143658693
0.06714242851982515,0.010341170481232245,0.09816593996352188,0.03611891707612841
0.06456626672297716,0.01031640838480648,0.09551549187739661,0.03361704156855772
0.06529294544210036,0.01872743750397295,0.12147525795401921,0.009110632930181509
,,,
,,,
,,,
,,,
,,,
,,,
,,,
,,,
,,,
,,,
,,,
,,,
,,,
,,,
,,,
,,,
,,,
,,,
,,,
,,,
,,,
,,,
,,,
,,,
,,,
,,,
,,,
,,,
,,,
,,,
,,,
,,,
,,,
,,,
,,,
,,,
,,,
,,,
,,,
,,,
,,,
,,,
,,,
,,,
,,,
,,,
,,,
,,,
,,,
,,,
,,,
,,,
,,,
,,,
,,,
,,,
,,,
,,,
,,,
,,,
,,,
,,,
,,,
,,,
,,,
,,,
,,,
,,,
,,,
,,,
,,,
,,,
,,,
,,,
,,,
,,,
,,,
,,,
,,,
,,,
,,,
,,,
