mean_line,std_line,up_line,low_line
0.10353899151086807,0.0033707358408537635,0.11365119903342935,0.09342678398830678
0.10353899031877517,0.0033707357100199644,0.11365119744883506,0.09342678318871528
0.10353898882865906,0.003370735412690837,0.11365119506673158,0.09342678259058654
0.10353898465633392,0.003370737156983937,0.11365119612728573,0.0934267731853821
0.10353897482156754,0.0033707372935681277,0.11365118670227192,0.09342676294086316
0.10353895097970962,0.003370742257204678,0.11365117775132366,0.09342672420809559
0.10353886932134629,0.003370759236251925,0.11365114703010207,0.09342659161259051
0.10353851824998855,0.0033708710024793614,0.11365113125742664,0.09342590524255047
0.10353650867938996,0.003371541196455855,0.11365113226875753,0.09342188509002239
0.10352074474096298,0.003377292665391858,0.11365262273713855,0.09338886674478741
0.10331644147634506,0.003482827794953767,0.11376492486120636,0.09286795809148375
0.09803782612085342,0.013069317355859493,0.1372457781884319,0.05882987405327494
0.9745178975909948,3.2577748683995638,10.747842502789686,-8.798806707607698
1.1606981408639694,3.3474803221030096,11.203139107172998,-8.881742825445059
5.09491279411161e+25,2.4959873259102336e+26,7.997453257141862e+26,-6.97847069831954e+26
,,,
,,,
,,,
,,,
,,,
,,,
,,,
,,,
,,,
,,,
,,,
,,,
,,,
,,,
,,,
,,,
,,,
,,,
,,,
,,,
,,,
,,,
,,,
,,,
,,,
,,,
,,,
,,,
,,,
,,,
,,,
,,,
,,,
,,,
,,,
,,,
,,,
,,,
,,,
,,,
,,,
,,,
,,,
,,,
,,,
,,,
,,,
,,,
,,,
,,,
,,,
,,,
,,,
,,,
,,,
,,,
,,,
,,,
,,,
,,,
,,,
,,,
,,,
,,,
,,,
,,,
,,,
,,,
,,,
,,,
,,,
,,,
,,,
,,,
,,,
,,,
,,,
,,,
,,,
,,,
,,,
,,,
,,,
,,,
,,,
,,,
